season,round,driver,circuit_id,era,race_length,actual_cost_seconds,policy_cost_seconds,oracle_cost_seconds,actual_regret_seconds,policy_regret_seconds
2018,20,RAI,interlagos,2018-2021 aero,71,77.361,74.971,74.931,2.430000000000007,0.04000000000000625
2019,1,BOT,albert_park,2018-2021 aero,58,36.01699999999999,31.35699999999999,31.35699999999999,4.66,0.0
2019,1,HAM,albert_park,2018-2021 aero,58,47.04699999999999,31.35699999999999,31.35699999999999,15.690000000000001,0.0
2019,1,LEC,albert_park,2018-2021 aero,58,54.79699999999998,31.35699999999999,31.35699999999999,23.439999999999994,0.0
2019,1,MAG,albert_park,2018-2021 aero,58,48.89699999999999,31.35699999999999,31.35699999999999,17.540000000000003,0.0
2019,1,VER,albert_park,2018-2021 aero,58,34.28699999999999,31.35699999999999,31.35699999999999,2.9300000000000033,0.0
2019,1,VET,albert_park,2018-2021 aero,58,48.89699999999999,31.35699999999999,31.35699999999999,17.540000000000003,0.0
2019,3,BOT,shanghai,2018-2021 aero,56,95.33600000000003,36.09800000000001,36.09800000000001,59.238000000000014,0.0
2019,3,HAM,shanghai,2018-2021 aero,56,96.09600000000003,36.09800000000001,36.09800000000001,59.99800000000002,0.0
2019,3,LEC,shanghai,2018-2021 aero,56,95.99600000000004,36.09800000000001,36.09800000000001,59.898000000000025,0.0
2019,3,VER,shanghai,2018-2021 aero,56,95.11600000000003,36.09800000000001,36.09800000000001,59.018000000000015,0.0
2019,3,VET,shanghai,2018-2021 aero,56,94.66600000000003,36.09800000000001,36.09800000000001,58.56800000000001,0.0
2019,4,BOT,baku,2018-2021 aero,51,25.965999999999983,23.765999999999984,7.108799999999995,18.857199999999988,16.65719999999999
2019,4,HAM,baku,2018-2021 aero,51,25.545999999999985,23.765999999999984,7.108799999999995,18.43719999999999,16.65719999999999
2019,4,PER,baku,2018-2021 aero,51,26.965999999999983,23.765999999999984,7.108799999999995,19.857199999999988,16.65719999999999
2019,4,SAI,baku,2018-2021 aero,51,25.965999999999983,23.765999999999984,7.108799999999995,18.857199999999988,16.65719999999999
2019,4,STR,baku,2018-2021 aero,51,26.965999999999983,23.765999999999984,7.108799999999995,19.857199999999988,16.65719999999999
2019,4,VER,baku,2018-2021 aero,51,25.165999999999983,23.765999999999984,7.108799999999995,18.057199999999987,16.65719999999999
2019,4,VET,baku,2018-2021 aero,51,26.435999999999986,23.765999999999984,7.108799999999995,19.32719999999999,16.65719999999999
2019,6,ALB,monaco,2018-2021 aero,78,58.961999999999996,58.992,55.85659999999999,3.105400000000003,3.135400000000004
2019,6,GRO,monaco,2018-2021 aero,78,66.852,58.992,55.85659999999999,10.99540000000001,3.135400000000004
2019,6,HAM,monaco,2018-2021 aero,78,107.9746,58.992,55.85659999999999,52.118,3.135400000000004
2019,6,KVY,monaco,2018-2021 aero,78,63.312,58.992,55.85659999999999,7.4554000000000045,3.135400000000004
2019,6,RIC,monaco,2018-2021 aero,78,107.9746,58.992,55.85659999999999,52.118,3.135400000000004
2019,6,SAI,monaco,2018-2021 aero,78,65.912,58.992,55.85659999999999,10.055400000000013,3.135400000000004
2019,6,VER,monaco,2018-2021 aero,78,110.3946,58.992,55.85659999999999,54.538000000000004,3.135400000000004
2019,6,VET,monaco,2018-2021 aero,78,110.3946,58.992,55.85659999999999,54.538000000000004,3.135400000000004
2019,7,HAM,villeneuve,2018-2021 aero,70,66.71499999999999,62.339999999999975,61.81999999999998,4.89500000000001,0.519999999999996
2019,7,LEC,villeneuve,2018-2021 aero,70,63.39499999999999,62.339999999999975,61.81999999999998,1.57500000000001,0.519999999999996
2019,7,VET,villeneuve,2018-2021 aero,70,68.91499999999999,62.339999999999975,61.81999999999998,7.095000000000013,0.519999999999996
2019,8,BOT,ricard,2018-2021 aero,53,41.517999999999994,29.297999999999995,21.2254,20.292599999999993,8.072599999999994
2019,8,HAM,ricard,2018-2021 aero,53,41.038,29.297999999999995,21.2254,19.812599999999996,8.072599999999994
2019,8,LEC,ricard,2018-2021 aero,53,42.757999999999996,29.297999999999995,21.2254,21.532599999999995,8.072599999999994
2019,8,SAI,ricard,2018-2021 aero,53,44.348,29.297999999999995,21.2254,23.1226,8.072599999999994
2019,8,VER,ricard,2018-2021 aero,53,43.507999999999996,29.297999999999995,21.2254,22.282599999999995,8.072599999999994
2019,9,BOT,red_bull_ring,2018-2021 aero,71,115.08349999999999,67.7535,67.6935,47.389999999999986,0.060000000000002274
2019,9,HAM,red_bull_ring,2018-2021 aero,71,92.70349999999999,67.7535,67.6935,25.00999999999999,0.060000000000002274
2019,9,LEC,red_bull_ring,2018-2021 aero,71,113.59349999999999,67.7535,67.6935,45.89999999999999,0.060000000000002274
2019,9,VER,red_bull_ring,2018-2021 aero,71,90.9935,67.7535,67.6935,23.299999999999997,0.060000000000002274
2019,10,ALB,silverstone,2018-2021 aero,52,34.64399999999999,10.382199999999997,10.092199999999998,24.551799999999993,0.28999999999999915
2019,10,GAS,silverstone,2018-2021 aero,52,30.113999999999997,10.382199999999997,10.092199999999998,20.0218,0.28999999999999915
2019,10,HAM,silverstone,2018-2021 aero,52,10.602199999999998,10.382199999999997,10.092199999999998,0.5099999999999998,0.28999999999999915
2019,10,HUL,silverstone,2018-2021 aero,52,32.244,10.382199999999997,10.092199999999998,22.1518,0.28999999999999915
2019,10,KVY,silverstone,2018-2021 aero,52,35.666199999999996,10.382199999999997,10.092199999999998,25.573999999999998,0.28999999999999915
2019,10,LEC,silverstone,2018-2021 aero,52,36.106199999999994,10.382199999999997,10.092199999999998,26.013999999999996,0.28999999999999915
2019,10,NOR,silverstone,2018-2021 aero,52,50.25799999999999,10.382199999999997,10.092199999999998,40.16579999999999,0.28999999999999915
2019,10,RAI,silverstone,2018-2021 aero,52,27.873999999999995,10.382199999999997,10.092199999999998,17.781799999999997,0.28999999999999915
2019,10,RIC,silverstone,2018-2021 aero,52,35.9862,10.382199999999997,10.092199999999998,25.894,0.28999999999999915
2019,10,SAI,silverstone,2018-2021 aero,52,10.602199999999998,10.382199999999997,10.092199999999998,0.5099999999999998,0.28999999999999915
2019,12,HAM,hungaroring,2018-2021 aero,70,54.908999999999985,44.04449999999999,44.04449999999999,10.864499999999992,0.0
2019,12,LEC,hungaroring,2018-2021 aero,70,74.2645,44.04449999999999,44.04449999999999,30.220000000000006,0.0
2019,13,BOT,spa,2018-2021 aero,44,36.54400000000001,36.414000000000016,36.414000000000016,0.12999999999999545,0.0
2019,13,GAS,spa,2018-2021 aero,44,44.35400000000001,36.414000000000016,36.414000000000016,7.939999999999998,0.0
2019,13,HAM,spa,2018-2021 aero,44,36.784000000000006,36.414000000000016,36.414000000000016,0.36999999999999034,0.0
2019,13,LEC,spa,2018-2021 aero,44,37.144000000000005,36.414000000000016,36.414000000000016,0.7299999999999898,0.0
2019,13,PER,spa,2018-2021 aero,44,41.82400000000001,36.414000000000016,36.414000000000016,5.409999999999997,0.0
2019,14,ALB,monza,2018-2021 aero,53,26.547999999999988,25.767999999999986,8.720399999999996,17.82759999999999,17.04759999999999
2019,14,BOT,monza,2018-2021 aero,53,8.720399999999996,25.767999999999986,8.720399999999996,0.0,17.04759999999999
2019,14,HUL,monza,2018-2021 aero,53,9.220399999999996,25.767999999999986,8.720399999999996,0.5,17.04759999999999
2019,14,LEC,monza,2018-2021 aero,53,32.75799999999999,25.767999999999986,8.720399999999996,24.03759999999999,17.04759999999999
2019,14,RIC,monza,2018-2021 aero,53,9.520399999999995,25.767999999999986,8.720399999999996,0.7999999999999989,17.04759999999999
2019,15,ALB,marina_bay,2018-2021 aero,61,62.600000000000016,57.070000000000014,34.901,27.699000000000012,22.16900000000001
2019,15,BOT,marina_bay,2018-2021 aero,61,60.76000000000002,57.070000000000014,34.901,25.859000000000016,22.16900000000001
2019,15,HAM,marina_bay,2018-2021 aero,61,58.240000000000016,57.070000000000014,34.901,23.339000000000013,22.16900000000001
2019,15,KUB,marina_bay,2018-2021 aero,61,55.74100000000002,57.070000000000014,34.901,20.840000000000018,22.16900000000001
2019,15,LEC,marina_bay,2018-2021 aero,61,62.600000000000016,57.070000000000014,34.901,27.699000000000012,22.16900000000001
2019,15,NOR,marina_bay,2018-2021 aero,61,62.600000000000016,57.070000000000014,34.901,27.699000000000012,22.16900000000001
2019,15,RIC,marina_bay,2018-2021 aero,61,59.500000000000014,57.070000000000014,34.901,24.59900000000001,22.16900000000001
2019,15,VER,marina_bay,2018-2021 aero,61,63.65000000000001,57.070000000000014,34.901,28.74900000000001,22.16900000000001
2019,15,VET,marina_bay,2018-2021 aero,61,63.65000000000001,57.070000000000014,34.901,28.74900000000001,22.16900000000001
2019,16,MAG,sochi,2018-2021 aero,53,7.917250000000005,7.817250000000005,7.817250000000005,0.09999999999999964,0.0
2019,16,NOR,sochi,2018-2021 aero,53,27.49750000000002,7.817250000000005,7.817250000000005,19.680250000000015,0.0
2019,16,PER,sochi,2018-2021 aero,53,26.69750000000002,7.817250000000005,7.817250000000005,18.880250000000014,0.0
2019,16,SAI,sochi,2018-2021 aero,53,27.187500000000018,7.817250000000005,7.817250000000005,19.370250000000013,0.0
2019,16,VER,sochi,2018-2021 aero,53,7.857250000000005,7.817250000000005,7.817250000000005,0.040000000000000036,0.0
2019,17,SAI,suzuka,2018-2021 aero,53,59.663,59.093,58.983,0.6799999999999997,0.11000000000000654
2019,18,BOT,rodriguez,2018-2021 aero,71,63.66499999999997,44.894999999999975,44.79499999999997,18.869999999999997,0.10000000000000142
2019,18,HAM,rodriguez,2018-2021 aero,71,78.09499999999997,44.894999999999975,44.79499999999997,33.3,0.10000000000000142
2019,18,PER,rodriguez,2018-2021 aero,71,84.23499999999997,44.894999999999975,44.79499999999997,39.44,0.10000000000000142
2019,18,VER,rodriguez,2018-2021 aero,71,128.79499999999996,44.894999999999975,44.79499999999997,83.99999999999999,0.10000000000000142
2019,18,VET,rodriguez,2018-2021 aero,71,63.42499999999997,44.894999999999975,44.79499999999997,18.629999999999995,0.10000000000000142
2019,19,BOT,americas,2018-2021 aero,56,82.86099999999996,69.52049999999998,69.28049999999999,13.580499999999972,0.23999999999999488
2019,19,HAM,americas,2018-2021 aero,56,88.92049999999999,69.52049999999998,69.28049999999999,19.64,0.23999999999999488
2019,19,RIC,americas,2018-2021 aero,56,91.06049999999998,69.52049999999998,69.28049999999999,21.779999999999987,0.23999999999999488
2019,19,VER,americas,2018-2021 aero,56,83.56099999999996,69.52049999999998,69.28049999999999,14.280499999999975,0.23999999999999488
2019,20,SAI,interlagos,2018-2021 aero,71,79.541,74.971,64.20530000000001,15.335699999999989,10.765699999999995
2019,21,ALB,yas_marina,2018-2021 aero,55,51.320999999999984,41.83099999999999,41.80099999999999,9.519999999999996,0.030000000000001137
2019,21,BOT,yas_marina,2018-2021 aero,55,41.960999999999984,41.83099999999999,41.80099999999999,0.1599999999999966,0.030000000000001137
2019,21,HAM,yas_marina,2018-2021 aero,55,41.880999999999986,41.83099999999999,41.80099999999999,0.0799999999999983,0.030000000000001137
2019,21,VER,yas_marina,2018-2021 aero,55,42.05099999999999,41.83099999999999,41.80099999999999,0.25,0.030000000000001137
2020,2,ALB,red_bull_ring,2018-2021 aero,71,67.6935,67.7535,67.6935,0.0,0.060000000000002274
2020,2,BOT,red_bull_ring,2018-2021 aero,71,67.7535,67.7535,67.6935,0.060000000000002274,0.060000000000002274
2020,2,HAM,red_bull_ring,2018-2021 aero,71,72.7735,67.7535,67.6935,5.079999999999998,0.060000000000002274
2020,2,NOR,red_bull_ring,2018-2021 aero,71,69.02349999999998,67.7535,67.6935,1.329999999999984,0.060000000000002274
2020,2,PER,red_bull_ring,2018-2021 aero,71,68.45349999999999,67.7535,67.6935,0.7599999999999909,0.060000000000002274
2020,2,STR,red_bull_ring,2018-2021 aero,71,67.98349999999999,67.7535,67.6935,0.28999999999999204,0.060000000000002274
2020,4,ALB,silverstone,2018-2021 aero,52,48.55799999999999,26.743999999999996,11.162199999999999,37.395799999999994,15.581799999999998
2020,4,GAS,silverstone,2018-2021 aero,52,13.752199999999998,26.743999999999996,11.162199999999999,2.59,15.581799999999998
2020,4,GIO,silverstone,2018-2021 aero,52,13.752199999999998,26.743999999999996,11.162199999999999,2.59,15.581799999999998
2020,4,GRO,silverstone,2018-2021 aero,52,29.903999999999996,26.743999999999996,11.162199999999999,18.741799999999998,15.581799999999998
2020,4,HAM,silverstone,2018-2021 aero,52,13.252199999999998,26.743999999999996,11.162199999999999,2.09,15.581799999999998
2020,4,LAT,silverstone,2018-2021 aero,52,13.752199999999998,26.743999999999996,11.162199999999999,2.59,15.581799999999998
2020,4,LEC,silverstone,2018-2021 aero,52,13.252199999999998,26.743999999999996,11.162199999999999,2.09,15.581799999999998
2020,4,NOR,silverstone,2018-2021 aero,52,15.942199999999998,26.743999999999996,11.162199999999999,4.779999999999999,15.581799999999998
2020,4,OCO,silverstone,2018-2021 aero,52,15.942199999999998,26.743999999999996,11.162199999999999,4.779999999999999,15.581799999999998
2020,4,RIC,silverstone,2018-2021 aero,52,15.942199999999998,26.743999999999996,11.162199999999999,4.779999999999999,15.581799999999998
2020,4,RUS,silverstone,2018-2021 aero,52,13.752199999999998,26.743999999999996,11.162199999999999,2.59,15.581799999999998
2020,4,STR,silverstone,2018-2021 aero,52,13.252199999999998,26.743999999999996,11.162199999999999,2.09,15.581799999999998
2020,4,VET,silverstone,2018-2021 aero,52,15.942199999999998,26.743999999999996,11.162199999999999,4.779999999999999,15.581799999999998
2020,5,LEC,silverstone,2018-2021 aero,52,27.523999999999994,26.743999999999996,26.363999999999994,1.1600000000000001,0.38000000000000256
2020,5,OCO,silverstone,2018-2021 aero,52,26.573999999999995,26.743999999999996,26.363999999999994,0.21000000000000085,0.38000000000000256
2020,7,BOT,spa,2018-2021 aero,44,31.2862,36.414000000000016,27.2162,4.07,9.197800000000015
2020,7,GRO,spa,2018-2021 aero,44,32.4962,36.414000000000016,27.2162,5.280000000000001,9.197800000000015
2020,7,HAM,spa,2018-2021 aero,44,31.2862,36.414000000000016,27.2162,4.07,9.197800000000015
2020,7,KVY,spa,2018-2021 aero,44,31.2862,36.414000000000016,27.2162,4.07,9.197800000000015
2020,7,LAT,spa,2018-2021 aero,44,40.33020000000001,36.414000000000016,27.2162,13.114000000000011,9.197800000000015
2020,7,OCO,spa,2018-2021 aero,44,30.6862,36.414000000000016,27.2162,3.469999999999999,9.197800000000015
2020,7,PER,spa,2018-2021 aero,44,39.06400000000001,36.414000000000016,27.2162,11.847800000000007,9.197800000000015
2020,7,RIC,spa,2018-2021 aero,44,30.6862,36.414000000000016,27.2162,3.469999999999999,9.197800000000015
2020,7,STR,spa,2018-2021 aero,44,30.6862,36.414000000000016,27.2162,3.469999999999999,9.197800000000015
2020,7,VET,spa,2018-2021 aero,44,31.2862,36.414000000000016,27.2162,4.07,9.197800000000015
2020,8,ALB,monza,2018-2021 aero,53,19.810799999999993,25.767999999999986,7.740399999999996,12.070399999999998,18.027599999999993
2020,8,LAT,monza,2018-2021 aero,53,33.85839999999998,25.767999999999986,7.740399999999996,26.117999999999988,18.027599999999993
2020,8,RUS,monza,2018-2021 aero,53,15.500799999999991,25.767999999999986,7.740399999999996,7.760399999999995,18.027599999999993
2020,8,STR,monza,2018-2021 aero,53,8.510399999999995,25.767999999999986,7.740399999999996,0.7699999999999996,18.027599999999993
2020,10,BOT,sochi,2018-2021 aero,53,33.857500000000016,26.05750000000002,7.817250000000005,26.04025000000001,18.240250000000014
2020,10,HAM,sochi,2018-2021 aero,53,42.14750000000002,26.05750000000002,7.817250000000005,34.33025000000002,18.240250000000014
2020,10,LEC,sochi,2018-2021 aero,53,32.80750000000002,26.05750000000002,7.817250000000005,24.990250000000014,18.240250000000014
2020,10,OCO,sochi,2018-2021 aero,53,40.16750000000002,26.05750000000002,7.817250000000005,32.35025000000002,18.240250000000014
2020,10,PER,sochi,2018-2021 aero,53,38.34750000000002,26.05750000000002,7.817250000000005,30.530250000000013,18.240250000000014
2020,10,RIC,sochi,2018-2021 aero,53,43.187500000000014,26.05750000000002,7.817250000000005,35.37025000000001,18.240250000000014
2020,10,VER,sochi,2018-2021 aero,53,34.47750000000002,26.05750000000002,7.817250000000005,26.660250000000016,18.240250000000014
2020,11,GRO,nurburgring,2018-2021 aero,60,79.09999999999997,15.95899999999999,15.95899999999999,63.14099999999998,0.0
2020,12,BOT,portimao,2018-2021 aero,66,40.98049999999998,28.02049999999998,28.01049999999998,12.969999999999999,0.010000000000001563
2020,12,HAM,portimao,2018-2021 aero,66,41.45049999999998,28.02049999999998,28.01049999999998,13.439999999999998,0.010000000000001563
2020,12,LEC,portimao,2018-2021 aero,66,46.280499999999975,28.02049999999998,28.01049999999998,18.269999999999996,0.010000000000001563
2020,12,VER,portimao,2018-2021 aero,66,31.71049999999998,28.02049999999998,28.01049999999998,3.6999999999999993,0.010000000000001563
2020,13,GIO,imola,2018-2021 aero,63,30.487000000000023,30.487000000000023,9.146100000000006,21.34090000000002,21.34090000000002
2020,13,LAT,imola,2018-2021 aero,63,41.48700000000002,30.487000000000023,9.146100000000006,32.34090000000002,21.34090000000002
2020,13,LEC,imola,2018-2021 aero,63,69.34700000000002,30.487000000000023,9.146100000000006,60.20090000000002,21.34090000000002
2020,13,RIC,imola,2018-2021 aero,63,67.52700000000002,30.487000000000023,9.146100000000006,58.38090000000001,21.34090000000002
2020,16,GAS,bahrain,2018-2021 aero,87,156.10199999999998,130.8003,130.50029999999998,25.601699999999994,0.30000000000001137
2020,16,GIO,bahrain,2018-2021 aero,87,132.6603,130.8003,130.50029999999998,2.160000000000025,0.30000000000001137
2020,16,KVY,bahrain,2018-2021 aero,87,135.1503,130.8003,130.50029999999998,4.650000000000006,0.30000000000001137
2020,16,OCO,bahrain,2018-2021 aero,87,194.481,130.8003,130.50029999999998,63.98070000000001,0.30000000000001137
2020,16,RIC,bahrain,2018-2021 aero,87,133.1603,130.8003,130.50029999999998,2.660000000000025,0.30000000000001137
2020,16,STR,bahrain,2018-2021 aero,87,179.131,130.8003,130.50029999999998,48.63070000000002,0.30000000000001137
2020,17,ALB,yas_marina,2018-2021 aero,55,42.2713,41.83099999999999,35.381299999999996,6.890000000000001,6.449699999999993
2020,17,BOT,yas_marina,2018-2021 aero,55,39.6113,41.83099999999999,35.381299999999996,4.230000000000004,6.449699999999993
2020,17,GAS,yas_marina,2018-2021 aero,55,42.2713,41.83099999999999,35.381299999999996,6.890000000000001,6.449699999999993
2020,17,HAM,yas_marina,2018-2021 aero,55,39.6113,41.83099999999999,35.381299999999996,4.230000000000004,6.449699999999993
2020,17,NOR,yas_marina,2018-2021 aero,55,42.2713,41.83099999999999,35.381299999999996,6.890000000000001,6.449699999999993
2020,17,OCO,yas_marina,2018-2021 aero,55,39.6113,41.83099999999999,35.381299999999996,4.230000000000004,6.449699999999993
2020,17,SAI,yas_marina,2018-2021 aero,55,39.6113,41.83099999999999,35.381299999999996,4.230000000000004,6.449699999999993
2020,17,STR,yas_marina,2018-2021 aero,55,42.2713,41.83099999999999,35.381299999999996,6.890000000000001,6.449699999999993
2020,17,VER,yas_marina,2018-2021 aero,55,39.6113,41.83099999999999,35.381299999999996,4.230000000000004,6.449699999999993
2021,1,LEC,bahrain,2018-2021 aero,56,93.362,80.631,80.631,12.730999999999995,0.0
2021,1,NOR,bahrain,2018-2021 aero,56,92.672,80.631,80.631,12.040999999999997,0.0
2021,1,RAI,bahrain,2018-2021 aero,56,92.042,80.631,80.631,11.411000000000001,0.0
2021,1,RIC,bahrain,2018-2021 aero,56,92.75199999999998,80.631,80.631,12.120999999999981,0.0
2021,1,SAI,bahrain,2018-2021 aero,56,89.18199999999999,80.631,80.631,8.550999999999988,0.0
2021,1,STR,bahrain,2018-2021 aero,56,98.082,80.631,80.631,17.450999999999993,0.0
2021,5,GAS,monaco,2018-2021 aero,78,77.162,58.992,58.961999999999996,18.20000000000001,0.030000000000001137
2021,5,NOR,monaco,2018-2021 aero,78,77.162,58.992,58.961999999999996,18.20000000000001,0.030000000000001137
2021,5,PER,monaco,2018-2021 aero,78,71.672,58.992,58.961999999999996,12.71,0.030000000000001137
2021,5,SAI,monaco,2018-2021 aero,78,74.602,58.992,58.961999999999996,15.640000000000008,0.030000000000001137
2021,5,VER,monaco,2018-2021 aero,78,72.52199999999999,58.992,58.961999999999996,13.559999999999995,0.030000000000001137
2021,5,VET,monaco,2018-2021 aero,78,75.822,58.992,58.961999999999996,16.860000000000007,0.030000000000001137
2021,7,ALO,ricard,2018-2021 aero,53,45.267999999999994,29.297999999999995,29.047999999999995,16.22,0.25
2021,7,BOT,ricard,2018-2021 aero,53,46.267999999999994,29.297999999999995,29.047999999999995,17.22,0.25
2021,7,GAS,ricard,2018-2021 aero,53,46.267999999999994,29.297999999999995,29.047999999999995,17.22,0.25
2021,7,HAM,ricard,2018-2021 aero,53,44.348,29.297999999999995,29.047999999999995,15.300000000000004,0.25
2021,7,NOR,ricard,2018-2021 aero,53,41.038,29.297999999999995,29.047999999999995,11.990000000000002,0.25
2021,7,PER,ricard,2018-2021 aero,53,41.038,29.297999999999995,29.047999999999995,11.990000000000002,0.25
2021,7,RIC,ricard,2018-2021 aero,53,47.34799999999999,29.297999999999995,29.047999999999995,18.299999999999997,0.25
2021,7,SAI,ricard,2018-2021 aero,53,46.267999999999994,29.297999999999995,29.047999999999995,17.22,0.25
2021,7,VER,ricard,2018-2021 aero,53,55.215999999999994,29.297999999999995,29.047999999999995,26.168,0.25
2021,8,BOT,red_bull_ring,2018-2021 aero,71,98.7835,67.7535,67.6935,31.090000000000003,0.060000000000002274
2021,8,VER,red_bull_ring,2018-2021 aero,71,94.5735,67.7535,67.6935,26.879999999999995,0.060000000000002274
2021,9,BOT,red_bull_ring,2018-2021 aero,71,92.70349999999999,67.7535,67.6935,25.00999999999999,0.060000000000002274
2021,9,LEC,red_bull_ring,2018-2021 aero,71,86.8235,67.7535,67.6935,19.129999999999995,0.060000000000002274
2021,9,NOR,red_bull_ring,2018-2021 aero,71,92.70349999999999,67.7535,67.6935,25.00999999999999,0.060000000000002274
2021,9,PER,red_bull_ring,2018-2021 aero,71,89.4435,67.7535,67.6935,21.75,0.060000000000002274
2021,9,RIC,red_bull_ring,2018-2021 aero,71,94.5735,67.7535,67.6935,26.879999999999995,0.060000000000002274
2021,13,VER,zandvoort,2018-2021 aero,72,100.02600000000001,74.273,74.123,25.903000000000006,0.14999999999999147
2021,14,ALO,monza,2018-2021 aero,53,12.260399999999997,25.767999999999986,8.010399999999995,4.250000000000002,17.75759999999999
2021,14,LAT,monza,2018-2021 aero,53,31.177999999999987,25.767999999999986,8.010399999999995,23.167599999999993,17.75759999999999
2021,14,LEC,monza,2018-2021 aero,53,11.860399999999995,25.767999999999986,8.010399999999995,3.8499999999999996,17.75759999999999
2021,14,MSC,monza,2018-2021 aero,53,31.177999999999987,25.767999999999986,8.010399999999995,23.167599999999993,17.75759999999999
2021,14,NOR,monza,2018-2021 aero,53,30.727999999999987,25.767999999999986,8.010399999999995,22.71759999999999,17.75759999999999
2021,14,OCO,monza,2018-2021 aero,53,11.860399999999995,25.767999999999986,8.010399999999995,3.8499999999999996,17.75759999999999
2021,14,PER,monza,2018-2021 aero,53,11.860399999999995,25.767999999999986,8.010399999999995,3.8499999999999996,17.75759999999999
2021,14,RIC,monza,2018-2021 aero,53,31.647999999999985,25.767999999999986,8.010399999999995,23.637599999999992,17.75759999999999
2021,14,RUS,monza,2018-2021 aero,53,11.860399999999995,25.767999999999986,8.010399999999995,3.8499999999999996,17.75759999999999
2021,14,SAI,monza,2018-2021 aero,53,11.860399999999995,25.767999999999986,8.010399999999995,3.8499999999999996,17.75759999999999
2021,14,STR,monza,2018-2021 aero,53,12.260399999999997,25.767999999999986,8.010399999999995,4.250000000000002,17.75759999999999
2021,14,VET,monza,2018-2021 aero,53,33.53839999999998,25.767999999999986,8.010399999999995,25.527999999999984,17.75759999999999
2021,18,GAS,rodriguez,2018-2021 aero,71,66.77499999999998,44.894999999999975,44.79499999999997,21.980000000000004,0.10000000000000142
2021,18,HAM,rodriguez,2018-2021 aero,71,68.88499999999998,44.894999999999975,44.79499999999997,24.090000000000003,0.10000000000000142
2021,18,LEC,rodriguez,2018-2021 aero,71,67.76499999999999,44.894999999999975,44.79499999999997,22.970000000000013,0.10000000000000142
2021,18,PER,rodriguez,2018-2021 aero,71,63.52499999999998,44.894999999999975,44.79499999999997,18.730000000000004,0.10000000000000142
2021,18,VER,rodriguez,2018-2021 aero,71,65.14499999999998,44.894999999999975,44.79499999999997,20.35000000000001,0.10000000000000142
2021,20,ALO,losail,2018-2021 aero,57,40.22949999999999,28.999499999999983,9.189849999999995,31.039649999999995,19.80964999999999
2021,20,HAM,losail,2018-2021 aero,57,62.91899999999997,28.999499999999983,9.189849999999995,53.729149999999976,19.80964999999999
2021,20,LEC,losail,2018-2021 aero,57,37.46949999999998,28.999499999999983,9.189849999999995,28.27964999999999,19.80964999999999
2021,20,OCO,losail,2018-2021 aero,57,39.449499999999986,28.999499999999983,9.189849999999995,30.259649999999993,19.80964999999999
2021,20,PER,losail,2018-2021 aero,57,62.008999999999965,28.999499999999983,9.189849999999995,52.81914999999997,19.80964999999999
2021,20,SAI,losail,2018-2021 aero,57,37.46949999999998,28.999499999999983,9.189849999999995,28.27964999999999,19.80964999999999
2021,20,STR,losail,2018-2021 aero,57,40.22949999999999,28.999499999999983,9.189849999999995,31.039649999999995,19.80964999999999
2021,22,BOT,yas_marina,2018-2021 aero,58,44.65099999999999,44.53099999999999,30.251299999999993,14.399699999999996,14.279699999999998
2021,22,HAM,yas_marina,2018-2021 aero,58,54.68099999999998,44.53099999999999,30.251299999999993,24.42969999999999,14.279699999999998
2021,22,OCO,yas_marina,2018-2021 aero,58,59.52099999999999,44.53099999999999,30.251299999999993,29.269699999999993,14.279699999999998
2021,22,SAI,yas_marina,2018-2021 aero,58,58.89099999999999,44.53099999999999,30.251299999999993,28.639699999999998,14.279699999999998
2021,22,VET,yas_marina,2018-2021 aero,58,46.02099999999999,44.53099999999999,30.251299999999993,15.769699999999993,14.279699999999998
2022,2,GAS,jeddah,2022-2025 ground-effect,50,9.985999999999997,24.609999999999992,9.045999999999998,0.9399999999999995,15.563999999999995
2022,2,LEC,jeddah,2022-2025 ground-effect,50,9.775999999999998,24.609999999999992,9.045999999999998,0.7300000000000004,15.563999999999995
2022,2,NOR,jeddah,2022-2025 ground-effect,50,9.775999999999998,24.609999999999992,9.045999999999998,0.7300000000000004,15.563999999999995
2022,2,OCO,jeddah,2022-2025 ground-effect,50,9.775999999999998,24.609999999999992,9.045999999999998,0.7300000000000004,15.563999999999995
2022,2,PER,jeddah,2022-2025 ground-effect,50,9.985999999999997,24.609999999999992,9.045999999999998,0.9399999999999995,15.563999999999995
2022,2,RUS,jeddah,2022-2025 ground-effect,50,9.775999999999998,24.609999999999992,9.045999999999998,0.7300000000000004,15.563999999999995
2022,2,SAI,jeddah,2022-2025 ground-effect,50,9.775999999999998,24.609999999999992,9.045999999999998,0.7300000000000004,15.563999999999995
2022,2,VER,jeddah,2022-2025 ground-effect,50,9.775999999999998,24.609999999999992,9.045999999999998,0.7300000000000004,15.563999999999995
2022,3,BOT,albert_park,2022-2025 ground-effect,58,29.246999999999986,6.1520999999999955,6.1520999999999955,23.09489999999999,0.0
2022,3,GAS,albert_park,2022-2025 ground-effect,58,28.28699999999999,6.1520999999999955,6.1520999999999955,22.134899999999995,0.0
2022,3,HAM,albert_park,2022-2025 ground-effect,58,29.246999999999986,6.1520999999999955,6.1520999999999955,23.09489999999999,0.0
2022,3,LEC,albert_park,2022-2025 ground-effect,58,29.246999999999986,6.1520999999999955,6.1520999999999955,23.09489999999999,0.0
2022,3,NOR,albert_park,2022-2025 ground-effect,58,27.386999999999986,6.1520999999999955,6.1520999999999955,21.23489999999999,0.0
2022,3,OCO,albert_park,2022-2025 ground-effect,58,25.076999999999988,6.1520999999999955,6.1520999999999955,18.924899999999994,0.0
2022,3,PER,albert_park,2022-2025 ground-effect,58,27.386999999999986,6.1520999999999955,6.1520999999999955,21.23489999999999,0.0
2022,3,RIC,albert_park,2022-2025 ground-effect,58,28.28699999999999,6.1520999999999955,6.1520999999999955,22.134899999999995,0.0
2022,3,RUS,albert_park,2022-2025 ground-effect,58,16.072099999999995,6.1520999999999955,6.1520999999999955,9.92,0.0
2022,3,ZHO,albert_park,2022-2025 ground-effect,58,28.28699999999999,6.1520999999999955,6.1520999999999955,22.134899999999995,0.0
2022,5,ALB,miami,2022-2025 ground-effect,57,55.69400000000002,46.14400000000002,40.00320000000001,15.69080000000001,6.140800000000013
2022,5,ALO,miami,2022-2025 ground-effect,57,56.954000000000015,46.14400000000002,40.00320000000001,16.950800000000008,6.140800000000013
2022,5,BOT,miami,2022-2025 ground-effect,57,48.18400000000001,46.14400000000002,40.00320000000001,8.180800000000005,6.140800000000013
2022,5,HAM,miami,2022-2025 ground-effect,57,50.01400000000002,46.14400000000002,40.00320000000001,10.01080000000001,6.140800000000013
2022,5,LEC,miami,2022-2025 ground-effect,57,48.89400000000002,46.14400000000002,40.00320000000001,8.890800000000013,6.140800000000013
2022,5,MSC,miami,2022-2025 ground-effect,57,74.32800000000003,46.14400000000002,40.00320000000001,34.324800000000025,6.140800000000013
2022,5,PER,miami,2022-2025 ground-effect,57,43.35720000000002,46.14400000000002,40.00320000000001,3.3540000000000134,6.140800000000013
2022,5,SAI,miami,2022-2025 ground-effect,57,47.984000000000016,46.14400000000002,40.00320000000001,7.980800000000009,6.140800000000013
2022,5,VER,miami,2022-2025 ground-effect,57,48.18400000000001,46.14400000000002,40.00320000000001,8.180800000000005,6.140800000000013
2022,8,ALO,baku,2022-2025 ground-effect,51,32.365999999999985,29.005999999999986,12.668799999999996,19.697199999999988,16.33719999999999
2022,8,GAS,baku,2022-2025 ground-effect,51,21.588799999999996,29.005999999999986,12.668799999999996,8.92,16.33719999999999
2022,8,NOR,baku,2022-2025 ground-effect,51,31.335999999999984,29.005999999999986,12.668799999999996,18.667199999999987,16.33719999999999
2022,8,VET,baku,2022-2025 ground-effect,51,21.588799999999996,29.005999999999986,12.668799999999996,8.92,16.33719999999999
2022,9,ALO,villeneuve,2022-2025 ground-effect,70,36.687499999999986,42.17999999999998,22.964999999999993,13.722499999999993,19.214999999999986
2022,9,MAG,villeneuve,2022-2025 ground-effect,70,121.49499999999999,42.17999999999998,22.964999999999993,98.53,19.214999999999986
2022,9,OCO,villeneuve,2022-2025 ground-effect,70,34.004999999999995,42.17999999999998,22.964999999999993,11.040000000000003,19.214999999999986
2022,11,HAM,red_bull_ring,2022-2025 ground-effect,71,122.077,104.55699999999999,92.59154999999998,29.485450000000014,11.965450000000004
2022,12,ALB,ricard,2022-2025 ground-effect,53,51.2354,62.967999999999996,46.4308,4.804600000000001,16.5372
2022,12,ALO,ricard,2022-2025 ground-effect,53,51.2354,62.967999999999996,46.4308,4.804600000000001,16.5372
2022,12,HAM,ricard,2022-2025 ground-effect,53,51.2354,62.967999999999996,46.4308,4.804600000000001,16.5372
2022,12,NOR,ricard,2022-2025 ground-effect,53,51.2354,62.967999999999996,46.4308,4.804600000000001,16.5372
2022,12,OCO,ricard,2022-2025 ground-effect,53,51.2354,62.967999999999996,46.4308,4.804600000000001,16.5372
2022,12,PER,ricard,2022-2025 ground-effect,53,51.2354,62.967999999999996,46.4308,4.804600000000001,16.5372
2022,12,RIC,ricard,2022-2025 ground-effect,53,51.2354,62.967999999999996,46.4308,4.804600000000001,16.5372
2022,12,RUS,ricard,2022-2025 ground-effect,53,51.2354,62.967999999999996,46.4308,4.804600000000001,16.5372
2022,12,STR,ricard,2022-2025 ground-effect,53,51.2354,62.967999999999996,46.4308,4.804600000000001,16.5372
2022,12,VER,ricard,2022-2025 ground-effect,53,70.628,62.967999999999996,46.4308,24.197200000000002,16.5372
2022,12,VET,ricard,2022-2025 ground-effect,53,50.1954,62.967999999999996,46.4308,3.7646000000000015,16.5372
2022,13,NOR,hungaroring,2022-2025 ground-effect,70,107.96899999999998,98.63899999999998,98.58899999999998,9.379999999999995,0.04999999999999716
2022,14,ALB,spa,2022-2025 ground-effect,44,52.04800000000002,35.15400000000001,27.2662,24.781800000000022,7.887800000000009
2022,14,NOR,spa,2022-2025 ground-effect,44,51.648000000000025,35.15400000000001,27.2662,24.381800000000023,7.887800000000009
2022,14,OCO,spa,2022-2025 ground-effect,44,55.148000000000025,35.15400000000001,27.2662,27.881800000000023,7.887800000000009
2022,14,RIC,spa,2022-2025 ground-effect,44,55.148000000000025,35.15400000000001,27.2662,27.881800000000023,7.887800000000009
2022,14,SAI,spa,2022-2025 ground-effect,44,57.508000000000024,35.15400000000001,27.2662,30.241800000000023,7.887800000000009
2022,14,VET,spa,2022-2025 ground-effect,44,54.21800000000002,35.15400000000001,27.2662,26.951800000000016,7.887800000000009
2022,16,DEV,monza,2022-2025 ground-effect,53,53.89799999999999,53.33799999999999,39.01079999999999,14.8872,14.327199999999998
2022,16,GAS,monza,2022-2025 ground-effect,53,61.987999999999985,53.33799999999999,39.01079999999999,22.977199999999996,14.327199999999998
2022,16,OCO,monza,2022-2025 ground-effect,53,64.65799999999999,53.33799999999999,39.01079999999999,25.647199999999998,14.327199999999998
2022,16,ZHO,monza,2022-2025 ground-effect,53,61.987999999999985,53.33799999999999,39.01079999999999,22.977199999999996,14.327199999999998
2022,19,LEC,americas,2022-2025 ground-effect,56,48.91464999999998,37.80414999999999,37.52829999999999,11.386349999999993,0.2758500000000055
2022,19,PER,americas,2022-2025 ground-effect,56,64.65099999999995,37.80414999999999,37.52829999999999,27.122699999999966,0.2758500000000055
2022,19,VER,americas,2022-2025 ground-effect,56,64.89099999999996,37.80414999999999,37.52829999999999,27.362699999999975,0.2758500000000055
2022,20,HAM,rodriguez,2022-2025 ground-effect,71,67.04499999999997,63.48499999999997,60.18049999999997,6.864500000000007,3.3045000000000044
2022,20,LEC,rodriguez,2022-2025 ground-effect,71,73.52499999999998,63.48499999999997,60.18049999999997,13.34450000000001,3.3045000000000044
2022,20,PER,rodriguez,2022-2025 ground-effect,71,74.99499999999998,63.48499999999997,60.18049999999997,14.81450000000001,3.3045000000000044
2022,20,SAI,rodriguez,2022-2025 ground-effect,71,73.92499999999998,63.48499999999997,60.18049999999997,13.744500000000016,3.3045000000000044
2022,20,VER,rodriguez,2022-2025 ground-effect,71,73.72499999999997,63.48499999999997,60.18049999999997,13.5445,3.3045000000000044
2022,22,LEC,yas_marina,2022-2025 ground-effect,58,89.31099999999999,89.28099999999999,89.28099999999999,0.030000000000001137,0.0
2022,22,NOR,yas_marina,2022-2025 ground-effect,58,91.69199999999998,89.28099999999999,89.28099999999999,2.410999999999987,0.0
2022,22,RIC,yas_marina,2022-2025 ground-effect,58,89.98099999999998,89.28099999999999,89.28099999999999,0.6999999999999886,0.0
2022,22,RUS,yas_marina,2022-2025 ground-effect,58,92.29199999999997,89.28099999999999,89.28099999999999,3.0109999999999815,0.0
2022,22,STR,yas_marina,2022-2025 ground-effect,58,92.43199999999997,89.28099999999999,89.28099999999999,3.150999999999982,0.0
2022,22,VER,yas_marina,2022-2025 ground-effect,58,89.55099999999999,89.28099999999999,89.28099999999999,0.269999999999996,0.0
2022,22,VET,yas_marina,2022-2025 ground-effect,58,90.451,89.28099999999999,89.28099999999999,1.1700000000000017,0.0
2023,2,ALO,jeddah,2022-2025 ground-effect,50,9.375999999999998,24.609999999999992,9.045999999999998,0.33000000000000007,15.563999999999995
2023,2,DEV,jeddah,2022-2025 ground-effect,50,9.565999999999999,24.609999999999992,9.045999999999998,0.5200000000000014,15.563999999999995
2023,2,GAS,jeddah,2022-2025 ground-effect,50,25.82999999999999,24.609999999999992,9.045999999999998,16.783999999999992,15.563999999999995
2023,2,HUL,jeddah,2022-2025 ground-effect,50,26.539999999999992,24.609999999999992,9.045999999999998,17.493999999999993,15.563999999999995
2023,2,LEC,jeddah,2022-2025 ground-effect,50,30.699999999999992,24.609999999999992,9.045999999999998,21.653999999999996,15.563999999999995
2023,2,MAG,jeddah,2022-2025 ground-effect,50,27.339999999999993,24.609999999999992,9.045999999999998,18.293999999999997,15.563999999999995
2023,2,OCO,jeddah,2022-2025 ground-effect,50,25.39999999999999,24.609999999999992,9.045999999999998,16.353999999999992,15.563999999999995
2023,2,PER,jeddah,2022-2025 ground-effect,50,9.375999999999998,24.609999999999992,9.045999999999998,0.33000000000000007,15.563999999999995
2023,2,RUS,jeddah,2022-2025 ground-effect,50,9.375999999999998,24.609999999999992,9.045999999999998,0.33000000000000007,15.563999999999995
2023,2,SAI,jeddah,2022-2025 ground-effect,50,25.609999999999992,24.609999999999992,9.045999999999998,16.563999999999993,15.563999999999995
2023,2,TSU,jeddah,2022-2025 ground-effect,50,9.565999999999999,24.609999999999992,9.045999999999998,0.5200000000000014,15.563999999999995
2023,2,VER,jeddah,2022-2025 ground-effect,50,9.375999999999998,24.609999999999992,9.045999999999998,0.33000000000000007,15.563999999999995
2023,2,ZHO,jeddah,2022-2025 ground-effect,50,31.92599999999999,24.609999999999992,9.045999999999998,22.879999999999995,15.563999999999995
2023,4,ALB,baku,2022-2025 ground-effect,51,39.685999999999986,29.005999999999986,18.178799999999995,21.50719999999999,10.82719999999999
2023,4,ALO,baku,2022-2025 ground-effect,51,20.158799999999996,29.005999999999986,18.178799999999995,1.9800000000000004,10.82719999999999
2023,4,HAM,baku,2022-2025 ground-effect,51,38.17599999999999,29.005999999999986,18.178799999999995,19.997199999999992,10.82719999999999
2023,4,LEC,baku,2022-2025 ground-effect,51,20.158799999999996,29.005999999999986,18.178799999999995,1.9800000000000004,10.82719999999999
2023,4,MAG,baku,2022-2025 ground-effect,51,20.858799999999995,29.005999999999986,18.178799999999995,2.6799999999999997,10.82719999999999
2023,4,NOR,baku,2022-2025 ground-effect,51,38.17599999999999,29.005999999999986,18.178799999999995,19.997199999999992,10.82719999999999
2023,4,PER,baku,2022-2025 ground-effect,51,20.158799999999996,29.005999999999986,18.178799999999995,1.9800000000000004,10.82719999999999
2023,4,PIA,baku,2022-2025 ground-effect,51,38.91599999999998,29.005999999999986,18.178799999999995,20.737199999999987,10.82719999999999
2023,4,SAI,baku,2022-2025 ground-effect,51,20.158799999999996,29.005999999999986,18.178799999999995,1.9800000000000004,10.82719999999999
2023,4,SAR,baku,2022-2025 ground-effect,51,38.91599999999998,29.005999999999986,18.178799999999995,20.737199999999987,10.82719999999999
2023,4,STR,baku,2022-2025 ground-effect,51,20.158799999999996,29.005999999999986,18.178799999999995,1.9800000000000004,10.82719999999999
2023,4,TSU,baku,2022-2025 ground-effect,51,38.91599999999998,29.005999999999986,18.178799999999995,20.737199999999987,10.82719999999999
2023,4,VER,baku,2022-2025 ground-effect,51,20.858799999999995,29.005999999999986,18.178799999999995,2.6799999999999997,10.82719999999999
2023,5,ALB,miami,2022-2025 ground-effect,57,50.01400000000002,46.14400000000002,46.14400000000002,3.8699999999999974,0.0
2023,5,ALO,miami,2022-2025 ground-effect,57,48.89400000000002,46.14400000000002,46.14400000000002,2.75,0.0
2023,5,BOT,miami,2022-2025 ground-effect,57,56.954000000000015,46.14400000000002,46.14400000000002,10.809999999999995,0.0
2023,5,DEV,miami,2022-2025 ground-effect,57,56.954000000000015,46.14400000000002,46.14400000000002,10.809999999999995,0.0
2023,5,GAS,miami,2022-2025 ground-effect,57,56.954000000000015,46.14400000000002,46.14400000000002,10.809999999999995,0.0
2023,5,LEC,miami,2022-2025 ground-effect,57,54.524000000000015,46.14400000000002,46.14400000000002,8.379999999999995,0.0
2023,5,MAG,miami,2022-2025 ground-effect,57,58.304000000000016,46.14400000000002,46.14400000000002,12.159999999999997,0.0
2023,5,NOR,miami,2022-2025 ground-effect,57,75.84400000000002,46.14400000000002,46.14400000000002,29.700000000000003,0.0
2023,5,PER,miami,2022-2025 ground-effect,57,51.54400000000002,46.14400000000002,46.14400000000002,5.399999999999999,0.0
2023,5,RUS,miami,2022-2025 ground-effect,57,54.524000000000015,46.14400000000002,46.14400000000002,8.379999999999995,0.0
2023,5,SAI,miami,2022-2025 ground-effect,57,53.44400000000002,46.14400000000002,46.14400000000002,7.299999999999997,0.0
2023,7,GAS,catalunya,2022-2025 ground-effect,66,111.30399999999999,106.764,106.64399999999999,4.659999999999997,0.12000000000000455
2023,7,OCO,catalunya,2022-2025 ground-effect,66,115.89399999999999,106.764,106.64399999999999,9.25,0.12000000000000455
2023,7,SAI,catalunya,2022-2025 ground-effect,66,112.11399999999999,106.764,106.64399999999999,5.469999999999999,0.12000000000000455
2023,8,ALB,villeneuve,2022-2025 ground-effect,70,91.5025,42.17999999999998,29.6425,61.86,12.53749999999998
2023,8,HAM,villeneuve,2022-2025 ground-effect,70,45.41749999999999,42.17999999999998,29.6425,15.774999999999991,12.53749999999998
2023,8,LEC,villeneuve,2022-2025 ground-effect,70,46.82499999999999,42.17999999999998,29.6425,17.18249999999999,12.53749999999998
2023,8,SAI,villeneuve,2022-2025 ground-effect,70,47.874999999999986,42.17999999999998,29.6425,18.232499999999987,12.53749999999998
2023,8,VER,villeneuve,2022-2025 ground-effect,70,48.12749999999998,42.17999999999998,29.6425,18.484999999999985,12.53749999999998
2023,10,LEC,silverstone,2022-2025 ground-effect,52,31.956199999999995,23.373999999999995,7.012199999999998,24.943999999999996,16.361799999999995
2023,10,NOR,silverstone,2022-2025 ground-effect,52,10.002199999999998,23.373999999999995,7.012199999999998,2.99,16.361799999999995
2023,10,PIA,silverstone,2022-2025 ground-effect,52,27.843999999999994,23.373999999999995,7.012199999999998,20.831799999999994,16.361799999999995
2023,10,RUS,silverstone,2022-2025 ground-effect,52,23.373999999999995,23.373999999999995,7.012199999999998,16.361799999999995,16.361799999999995
2023,10,SAI,silverstone,2022-2025 ground-effect,52,29.163999999999994,23.373999999999995,7.012199999999998,22.151799999999994,16.361799999999995
2023,11,HAM,hungaroring,2022-2025 ground-effect,70,108.63899999999998,98.63899999999998,98.58899999999998,10.049999999999997,0.04999999999999716
2023,11,NOR,hungaroring,2022-2025 ground-effect,70,102.81899999999999,98.63899999999998,98.58899999999998,4.230000000000004,0.04999999999999716
2023,11,PIA,hungaroring,2022-2025 ground-effect,70,101.53899999999999,98.63899999999998,98.58899999999998,2.950000000000003,0.04999999999999716
2023,11,VER,hungaroring,2022-2025 ground-effect,70,102.18899999999998,98.63899999999998,98.58899999999998,3.5999999999999943,0.04999999999999716
2023,12,GAS,spa,2022-2025 ground-effect,44,45.04400000000001,35.15400000000001,35.15400000000001,9.89,0.0
2023,14,ALB,monza,2022-2025 ground-effect,51,62.54799999999999,50.78799999999998,50.627999999999986,11.920000000000002,0.1599999999999966
2023,14,ALO,monza,2022-2025 ground-effect,51,54.957999999999984,50.78799999999998,50.627999999999986,4.329999999999998,0.1599999999999966
2023,14,GAS,monza,2022-2025 ground-effect,51,68.53599999999997,50.78799999999998,50.627999999999986,17.907999999999987,0.1599999999999966
2023,14,HUL,monza,2022-2025 ground-effect,51,71.02599999999997,50.78799999999998,50.627999999999986,20.397999999999982,0.1599999999999966
2023,14,LAW,monza,2022-2025 ground-effect,51,67.04599999999998,50.78799999999998,50.627999999999986,16.417999999999992,0.1599999999999966
2023,14,LEC,monza,2022-2025 ground-effect,51,55.947999999999986,50.78799999999998,50.627999999999986,5.32,0.1599999999999966
2023,14,NOR,monza,2022-2025 ground-effect,51,54.067999999999984,50.78799999999998,50.627999999999986,3.4399999999999977,0.1599999999999966
2023,14,PER,monza,2022-2025 ground-effect,51,54.957999999999984,50.78799999999998,50.627999999999986,4.329999999999998,0.1599999999999966
2023,14,PIA,monza,2022-2025 ground-effect,51,67.58599999999997,50.78799999999998,50.627999999999986,16.957999999999984,0.1599999999999966
2023,14,RUS,monza,2022-2025 ground-effect,51,57.057999999999986,50.78799999999998,50.627999999999986,6.43,0.1599999999999966
2023,14,SAI,monza,2022-2025 ground-effect,51,57.057999999999986,50.78799999999998,50.627999999999986,6.43,0.1599999999999966
2023,14,SAR,monza,2022-2025 ground-effect,51,64.17799999999998,50.78799999999998,50.627999999999986,13.549999999999997,0.1599999999999966
2023,14,STR,monza,2022-2025 ground-effect,51,55.947999999999986,50.78799999999998,50.627999999999986,5.32,0.1599999999999966
2023,14,VER,monza,2022-2025 ground-effect,51,55.947999999999986,50.78799999999998,50.627999999999986,5.32,0.1599999999999966
2023,14,ZHO,monza,2022-2025 ground-effect,51,68.74599999999998,50.78799999999998,50.627999999999986,18.117999999999995,0.1599999999999966
2023,15,ALB,marina_bay,2022-2025 ground-effect,62,42.99200000000001,52.87000000000002,35.522000000000006,7.470000000000006,17.348000000000013
2023,15,GAS,marina_bay,2022-2025 ground-effect,62,74.59100000000001,52.87000000000002,35.522000000000006,39.069,17.348000000000013
2023,15,HAM,marina_bay,2022-2025 ground-effect,62,44.242000000000004,52.87000000000002,35.522000000000006,8.719999999999999,17.348000000000013
2023,15,HUL,marina_bay,2022-2025 ground-effect,62,74.59100000000001,52.87000000000002,35.522000000000006,39.069,17.348000000000013
2023,15,LAW,marina_bay,2022-2025 ground-effect,62,74.59100000000001,52.87000000000002,35.522000000000006,39.069,17.348000000000013
2023,15,LEC,marina_bay,2022-2025 ground-effect,62,72.581,52.87000000000002,35.522000000000006,37.059,17.348000000000013
2023,15,NOR,marina_bay,2022-2025 ground-effect,62,74.59100000000001,52.87000000000002,35.522000000000006,39.069,17.348000000000013
2023,15,PIA,marina_bay,2022-2025 ground-effect,62,74.59100000000001,52.87000000000002,35.522000000000006,39.069,17.348000000000013
2023,15,SAI,marina_bay,2022-2025 ground-effect,62,74.59100000000001,52.87000000000002,35.522000000000006,39.069,17.348000000000013
2023,15,SAR,marina_bay,2022-2025 ground-effect,62,44.19200000000001,52.87000000000002,35.522000000000006,8.670000000000002,17.348000000000013
2023,16,RUS,suzuka,2022-2025 ground-effect,53,54.033,37.663,37.663,16.370000000000005,0.0
2023,18,ALB,americas,2022-2025 ground-effect,56,68.48099999999997,52.98049999999998,52.98049999999998,15.500499999999988,0.0
2023,18,RUS,americas,2022-2025 ground-effect,56,64.04099999999997,52.98049999999998,52.98049999999998,11.06049999999999,0.0
2023,18,SAR,americas,2022-2025 ground-effect,56,66.46099999999996,52.98049999999998,52.98049999999998,13.480499999999978,0.0
2023,19,HAM,rodriguez,2022-2025 ground-effect,71,53.71049999999997,63.48499999999997,40.91099999999999,12.79949999999998,22.573999999999984
2023,19,HUL,rodriguez,2022-2025 ground-effect,71,53.56049999999997,63.48499999999997,40.91099999999999,12.649499999999982,22.573999999999984
2023,19,PIA,rodriguez,2022-2025 ground-effect,71,53.97049999999997,63.48499999999997,40.91099999999999,13.059499999999986,22.573999999999984
2023,19,RUS,rodriguez,2022-2025 ground-effect,71,54.31049999999997,63.48499999999997,40.91099999999999,13.399499999999982,22.573999999999984
2023,21,ALB,vegas,2022-2025 ground-effect,50,37.06400000000001,36.20400000000001,19.7022,17.361800000000006,16.501800000000006
2023,21,GAS,vegas,2022-2025 ground-effect,50,36.714000000000006,36.20400000000001,19.7022,17.011800000000004,16.501800000000006
2023,21,LEC,vegas,2022-2025 ground-effect,50,35.964000000000006,36.20400000000001,19.7022,16.261800000000004,16.501800000000006
2023,21,OCO,vegas,2022-2025 ground-effect,50,36.05400000000001,36.20400000000001,19.7022,16.351800000000008,16.501800000000006
2023,21,RIC,vegas,2022-2025 ground-effect,50,36.714000000000006,36.20400000000001,19.7022,17.011800000000004,16.501800000000006
2023,21,SAR,vegas,2022-2025 ground-effect,50,37.464000000000006,36.20400000000001,19.7022,17.761800000000004,16.501800000000006
2023,22,OCO,yas_marina,2022-2025 ground-effect,58,93.72099999999999,89.28099999999999,89.28099999999999,4.439999999999998,0.0
2023,22,TSU,yas_marina,2022-2025 ground-effect,58,89.28099999999999,89.28099999999999,89.28099999999999,0.0,0.0
2023,22,ZHO,yas_marina,2022-2025 ground-effect,58,93.81199999999998,89.28099999999999,89.28099999999999,4.530999999999992,0.0
2024,2,ALB,jeddah,2022-2025 ground-effect,50,12.005999999999997,24.609999999999992,11.445999999999998,0.5599999999999987,13.163999999999994
2024,2,ALO,jeddah,2022-2025 ground-effect,50,12.005999999999997,24.609999999999992,11.445999999999998,0.5599999999999987,13.163999999999994
2024,2,BEA,jeddah,2022-2025 ground-effect,50,12.665999999999997,24.609999999999992,11.445999999999998,1.2199999999999989,13.163999999999994
2024,2,HUL,jeddah,2022-2025 ground-effect,50,26.289999999999992,24.609999999999992,11.445999999999998,14.843999999999994,13.163999999999994
2024,2,LEC,jeddah,2022-2025 ground-effect,50,12.005999999999997,24.609999999999992,11.445999999999998,0.5599999999999987,13.163999999999994
2024,2,MAG,jeddah,2022-2025 ground-effect,50,12.005999999999997,24.609999999999992,11.445999999999998,0.5599999999999987,13.163999999999994
2024,2,PER,jeddah,2022-2025 ground-effect,50,12.005999999999997,24.609999999999992,11.445999999999998,0.5599999999999987,13.163999999999994
2024,2,PIA,jeddah,2022-2025 ground-effect,50,12.005999999999997,24.609999999999992,11.445999999999998,0.5599999999999987,13.163999999999994
2024,2,RUS,jeddah,2022-2025 ground-effect,50,12.005999999999997,24.609999999999992,11.445999999999998,0.5599999999999987,13.163999999999994
2024,2,VER,jeddah,2022-2025 ground-effect,50,12.005999999999997,24.609999999999992,11.445999999999998,0.5599999999999987,13.163999999999994
2024,5,HAM,shanghai,2022-2025 ground-effect,56,67.91140000000001,70.18800000000002,50.2668,17.64460000000001,19.921200000000013
2024,5,LEC,shanghai,2022-2025 ground-effect,56,52.873400000000004,70.18800000000002,50.2668,2.6066000000000003,19.921200000000013
2024,5,NOR,shanghai,2022-2025 ground-effect,56,53.26340000000001,70.18800000000002,50.2668,2.996600000000008,19.921200000000013
2024,5,SAI,shanghai,2022-2025 ground-effect,56,70.69800000000001,70.18800000000002,50.2668,20.431200000000004,19.921200000000013
2024,5,SAR,shanghai,2022-2025 ground-effect,56,65.65140000000002,70.18800000000002,50.2668,15.38460000000002,19.921200000000013
2024,6,GAS,miami,2022-2025 ground-effect,57,61.22400000000002,46.14400000000002,28.356400000000008,32.86760000000001,17.787600000000012
2024,6,HUL,miami,2022-2025 ground-effect,57,45.337200000000024,46.14400000000002,28.356400000000008,16.980800000000016,17.787600000000012
2024,6,LEC,miami,2022-2025 ground-effect,57,52.43400000000001,46.14400000000002,28.356400000000008,24.077600000000004,17.787600000000012
2024,6,NOR,miami,2022-2025 ground-effect,57,33.25320000000001,46.14400000000002,28.356400000000008,4.896799999999999,17.787600000000012
2024,6,OCO,miami,2022-2025 ground-effect,57,35.35320000000001,46.14400000000002,28.356400000000008,6.9968,17.787600000000012
2024,6,PER,miami,2022-2025 ground-effect,57,44.59720000000002,46.14400000000002,28.356400000000008,16.240800000000014,17.787600000000012
2024,6,PIA,miami,2022-2025 ground-effect,57,57.958000000000034,46.14400000000002,28.356400000000008,29.601600000000026,17.787600000000012
2024,6,RUS,miami,2022-2025 ground-effect,57,48.89400000000002,46.14400000000002,28.356400000000008,20.537600000000012,17.787600000000012
2024,6,SAI,miami,2022-2025 ground-effect,57,47.984000000000016,46.14400000000002,28.356400000000008,19.627600000000008,17.787600000000012
2024,6,STR,miami,2022-2025 ground-effect,57,45.70720000000002,46.14400000000002,28.356400000000008,17.350800000000014,17.787600000000012
2024,6,TSU,miami,2022-2025 ground-effect,57,33.233200000000004,46.14400000000002,28.356400000000008,4.876799999999996,17.787600000000012
2024,6,VER,miami,2022-2025 ground-effect,57,34.74320000000001,46.14400000000002,28.356400000000008,6.386800000000001,17.787600000000012
2024,7,HAM,imola,2022-2025 ground-effect,63,82.21700000000001,55.36700000000002,55.187000000000026,27.029999999999987,0.1799999999999926
2024,7,LEC,imola,2022-2025 ground-effect,63,87.79700000000003,55.36700000000002,55.187000000000026,32.61,0.1799999999999926
2024,7,NOR,imola,2022-2025 ground-effect,63,97.03700000000002,55.36700000000002,55.187000000000026,41.849999999999994,0.1799999999999926
2024,7,PIA,imola,2022-2025 ground-effect,63,93.84700000000002,55.36700000000002,55.187000000000026,38.66,0.1799999999999926
2024,7,RUS,imola,2022-2025 ground-effect,63,98.50400000000005,55.36700000000002,55.187000000000026,43.31700000000002,0.1799999999999926
2024,7,SAI,imola,2022-2025 ground-effect,63,82.21700000000001,55.36700000000002,55.187000000000026,27.029999999999987,0.1799999999999926
2024,7,STR,imola,2022-2025 ground-effect,63,61.907000000000025,55.36700000000002,55.187000000000026,6.719999999999999,0.1799999999999926
2024,7,VER,imola,2022-2025 ground-effect,63,90.76700000000002,55.36700000000002,55.187000000000026,35.58,0.1799999999999926
2024,10,GAS,catalunya,2022-2025 ground-effect,66,113.28399999999999,106.764,106.64399999999999,6.640000000000001,0.12000000000000455
2024,10,HUL,catalunya,2022-2025 ground-effect,66,115.49399999999999,106.764,106.64399999999999,8.849999999999994,0.12000000000000455
2024,10,OCO,catalunya,2022-2025 ground-effect,66,114.594,106.764,106.64399999999999,7.950000000000003,0.12000000000000455
2024,10,RUS,catalunya,2022-2025 ground-effect,66,113.89399999999999,106.764,106.64399999999999,7.25,0.12000000000000455
2024,10,SAI,catalunya,2022-2025 ground-effect,66,113.89399999999999,106.764,106.64399999999999,7.25,0.12000000000000455
2024,11,GAS,red_bull_ring,2022-2025 ground-effect,71,122.89699999999999,104.55699999999999,104.11699999999999,18.78,0.4399999999999977
2024,11,HAM,red_bull_ring,2022-2025 ground-effect,71,125.16699999999999,104.55699999999999,104.11699999999999,21.049999999999997,0.4399999999999977
2024,11,OCO,red_bull_ring,2022-2025 ground-effect,71,122.49699999999999,104.55699999999999,104.11699999999999,18.379999999999995,0.4399999999999977
2024,11,PER,red_bull_ring,2022-2025 ground-effect,71,122.72699999999999,104.55699999999999,104.11699999999999,18.61,0.4399999999999977
2024,11,PIA,red_bull_ring,2022-2025 ground-effect,71,120.99699999999999,104.55699999999999,104.11699999999999,16.879999999999995,0.4399999999999977
2024,11,SAI,red_bull_ring,2022-2025 ground-effect,71,120.13699999999999,104.55699999999999,104.11699999999999,16.019999999999996,0.4399999999999977
2024,13,ALO,hungaroring,2022-2025 ground-effect,70,119.61899999999999,98.63899999999998,98.58899999999998,21.03,0.04999999999999716
2024,13,LEC,hungaroring,2022-2025 ground-effect,70,100.89899999999999,98.63899999999998,98.58899999999998,2.3100000000000023,0.04999999999999716
2024,13,NOR,hungaroring,2022-2025 ground-effect,70,103.27899999999998,98.63899999999998,98.58899999999998,4.689999999999998,0.04999999999999716
2024,13,PIA,hungaroring,2022-2025 ground-effect,70,103.38899999999998,98.63899999999998,98.58899999999998,4.799999999999997,0.04999999999999716
2024,13,SAI,hungaroring,2022-2025 ground-effect,70,100.32899999999998,98.63899999999998,98.58899999999998,1.7399999999999949,0.04999999999999716
2024,13,STR,hungaroring,2022-2025 ground-effect,70,108.10899999999998,98.63899999999998,98.58899999999998,9.519999999999996,0.04999999999999716
2024,13,TSU,hungaroring,2022-2025 ground-effect,70,118.5445,98.63899999999998,98.58899999999998,19.955500000000015,0.04999999999999716
2024,13,VER,hungaroring,2022-2025 ground-effect,70,101.81899999999999,98.63899999999998,98.58899999999998,3.230000000000004,0.04999999999999716
2024,14,BOT,spa,2022-2025 ground-effect,44,59.85800000000002,35.15400000000001,35.15400000000001,24.704000000000008,0.0
2024,14,HUL,spa,2022-2025 ground-effect,44,51.91800000000002,35.15400000000001,35.15400000000001,16.76400000000001,0.0
2024,14,MAG,spa,2022-2025 ground-effect,44,43.50400000000001,35.15400000000001,35.15400000000001,8.350000000000001,0.0
2024,14,VER,spa,2022-2025 ground-effect,44,53.46800000000002,35.15400000000001,35.15400000000001,18.314000000000007,0.0
2024,15,LEC,zandvoort,2022-2025 ground-effect,72,112.733,57.823,57.673,55.06,0.14999999999999858
2024,15,NOR,zandvoort,2022-2025 ground-effect,72,107.833,57.823,57.673,50.16,0.14999999999999858
2024,15,PER,zandvoort,2022-2025 ground-effect,72,107.023,57.823,57.673,49.349999999999994,0.14999999999999858
2024,15,PIA,zandvoort,2022-2025 ground-effect,72,105.483,57.823,57.673,47.81,0.14999999999999858
2024,15,SAI,zandvoort,2022-2025 ground-effect,72,106.37299999999999,57.823,57.673,48.69999999999999,0.14999999999999858
2024,15,VER,zandvoort,2022-2025 ground-effect,72,108.813,57.823,57.673,51.14,0.14999999999999858
2024,16,ALB,monza,2022-2025 ground-effect,53,63.417999999999985,53.33799999999999,53.33799999999999,10.079999999999998,0.0
2024,16,COL,monza,2022-2025 ground-effect,53,64.96799999999999,53.33799999999999,53.33799999999999,11.630000000000003,0.0
2024,16,LEC,monza,2022-2025 ground-effect,53,66.60799999999999,53.33799999999999,53.33799999999999,13.270000000000003,0.0
2024,16,MAG,monza,2022-2025 ground-effect,53,68.35799999999998,53.33799999999999,53.33799999999999,15.019999999999989,0.0
2024,16,RIC,monza,2022-2025 ground-effect,53,74.18799999999999,53.33799999999999,53.33799999999999,20.85,0.0
2024,16,SAI,monza,2022-2025 ground-effect,53,60.64799999999999,53.33799999999999,53.33799999999999,7.310000000000002,0.0
2024,17,ALO,baku,2022-2025 ground-effect,51,36.74599999999998,29.005999999999986,29.005999999999986,7.739999999999995,0.0
2024,17,BEA,baku,2022-2025 ground-effect,51,34.74599999999998,29.005999999999986,29.005999999999986,5.739999999999995,0.0
2024,17,COL,baku,2022-2025 ground-effect,51,37.445999999999984,29.005999999999986,29.005999999999986,8.439999999999998,0.0
2024,17,HAM,baku,2022-2025 ground-effect,51,36.05599999999998,29.005999999999986,29.005999999999986,7.049999999999997,0.0
2024,17,HUL,baku,2022-2025 ground-effect,51,34.12599999999998,29.005999999999986,29.005999999999986,5.119999999999997,0.0
2024,17,LEC,baku,2022-2025 ground-effect,51,33.515999999999984,29.005999999999986,29.005999999999986,4.509999999999998,0.0
2024,17,PIA,baku,2022-2025 ground-effect,51,34.12599999999998,29.005999999999986,29.005999999999986,5.119999999999997,0.0
2024,17,RUS,baku,2022-2025 ground-effect,51,36.05599999999998,29.005999999999986,29.005999999999986,7.049999999999997,0.0
2024,18,HAM,marina_bay,2022-2025 ground-effect,62,103.36000000000001,52.87000000000002,52.76000000000002,50.599999999999994,0.10999999999999943
2024,18,LEC,marina_bay,2022-2025 ground-effect,62,72.83000000000001,52.87000000000002,52.76000000000002,20.069999999999993,0.10999999999999943
2024,18,NOR,marina_bay,2022-2025 ground-effect,62,77.65,52.87000000000002,52.76000000000002,24.889999999999986,0.10999999999999943
2024,18,PIA,marina_bay,2022-2025 ground-effect,62,72.42000000000002,52.87000000000002,52.76000000000002,19.659999999999997,0.10999999999999943
2024,18,RUS,marina_bay,2022-2025 ground-effect,62,81.99000000000001,52.87000000000002,52.76000000000002,29.22999999999999,0.10999999999999943
2024,18,SAI,marina_bay,2022-2025 ground-effect,62,117.44000000000003,52.87000000000002,52.76000000000002,64.68,0.10999999999999943
2024,18,VER,marina_bay,2022-2025 ground-effect,62,78.96000000000001,52.87000000000002,52.76000000000002,26.19999999999999,0.10999999999999943
2024,19,GAS,americas,2022-2025 ground-effect,56,58.300499999999985,52.98049999999998,52.98049999999998,5.320000000000007,0.0
2024,19,HUL,americas,2022-2025 ground-effect,56,55.440499999999986,52.98049999999998,52.98049999999998,2.460000000000008,0.0
2024,19,LEC,americas,2022-2025 ground-effect,56,55.270499999999984,52.98049999999998,52.98049999999998,2.2900000000000063,0.0
2024,19,MAG,americas,2022-2025 ground-effect,56,63.76099999999997,52.98049999999998,52.98049999999998,10.78049999999999,0.0
2024,19,NOR,americas,2022-2025 ground-effect,56,57.47049999999998,52.98049999999998,52.98049999999998,4.490000000000002,0.0
2024,19,PER,americas,2022-2025 ground-effect,56,55.270499999999984,52.98049999999998,52.98049999999998,2.2900000000000063,0.0
2024,19,PIA,americas,2022-2025 ground-effect,56,58.32049999999998,52.98049999999998,52.98049999999998,5.340000000000003,0.0
2024,19,SAI,americas,2022-2025 ground-effect,56,56.270499999999984,52.98049999999998,52.98049999999998,3.2900000000000063,0.0
2024,19,VER,americas,2022-2025 ground-effect,56,55.22049999999998,52.98049999999998,52.98049999999998,2.240000000000002,0.0
2024,20,HAM,rodriguez,2022-2025 ground-effect,71,67.99499999999998,63.48499999999997,62.53049999999997,5.464500000000008,0.954500000000003
2024,20,MAG,rodriguez,2022-2025 ground-effect,71,66.20499999999997,63.48499999999997,62.53049999999997,3.674500000000002,0.954500000000003
2024,20,NOR,rodriguez,2022-2025 ground-effect,71,66.20499999999997,63.48499999999997,62.53049999999997,3.674500000000002,0.954500000000003
2024,20,PIA,rodriguez,2022-2025 ground-effect,71,63.77499999999998,63.48499999999997,62.53049999999997,1.2445000000000093,0.954500000000003
2024,20,RUS,rodriguez,2022-2025 ground-effect,71,65.47499999999997,63.48499999999997,62.53049999999997,2.944499999999998,0.954500000000003
2024,20,SAI,rodriguez,2022-2025 ground-effect,71,64.86499999999998,63.48499999999997,62.53049999999997,2.3345000000000127,0.954500000000003
2024,20,VER,rodriguez,2022-2025 ground-effect,71,70.19499999999996,63.48499999999997,62.53049999999997,7.664499999999997,0.954500000000003
2024,22,MAG,vegas,2022-2025 ground-effect,50,36.714000000000006,36.20400000000001,35.944,0.7700000000000031,0.2600000000000051
2024,24,GAS,yas_marina,2022-2025 ground-effect,58,95.14099999999999,89.28099999999999,89.28099999999999,5.859999999999999,0.0
2024,24,HUL,yas_marina,2022-2025 ground-effect,58,96.75099999999998,89.28099999999999,89.28099999999999,7.469999999999985,0.0
2024,24,LEC,yas_marina,2022-2025 ground-effect,58,89.55099999999999,89.28099999999999,89.28099999999999,0.269999999999996,0.0
2024,24,NOR,yas_marina,2022-2025 ground-effect,58,91.27099999999999,89.28099999999999,89.28099999999999,1.9899999999999949,0.0
2024,24,RUS,yas_marina,2022-2025 ground-effect,58,91.27099999999999,89.28099999999999,89.28099999999999,1.9899999999999949,0.0
2024,24,SAI,yas_marina,2022-2025 ground-effect,58,90.451,89.28099999999999,89.28099999999999,1.1700000000000017,0.0
2024,24,VER,yas_marina,2022-2025 ground-effect,58,95.011,89.28099999999999,89.28099999999999,5.730000000000004,0.0
2025,2,ALB,shanghai,2022-2025 ground-effect,56,70.40800000000002,70.18800000000002,70.01800000000001,0.39000000000000057,0.1700000000000017
2025,2,ANT,shanghai,2022-2025 ground-effect,56,74.26800000000001,70.18800000000002,70.01800000000001,4.25,0.1700000000000017
2025,2,DOO,shanghai,2022-2025 ground-effect,56,75.42800000000001,70.18800000000002,70.01800000000001,5.409999999999997,0.1700000000000017
2025,2,NOR,shanghai,2022-2025 ground-effect,56,71.668,70.18800000000002,70.01800000000001,1.6499999999999915,0.1700000000000017
2025,2,OCO,shanghai,2022-2025 ground-effect,56,75.42800000000001,70.18800000000002,70.01800000000001,5.409999999999997,0.1700000000000017
2025,2,PIA,shanghai,2022-2025 ground-effect,56,72.388,70.18800000000002,70.01800000000001,2.3699999999999903,0.1700000000000017
2025,2,RUS,shanghai,2022-2025 ground-effect,56,72.388,70.18800000000002,70.01800000000001,2.3699999999999903,0.1700000000000017
2025,2,SAI,shanghai,2022-2025 ground-effect,56,70.69800000000001,70.18800000000002,70.01800000000001,0.6799999999999926,0.1700000000000017
2025,2,VER,shanghai,2022-2025 ground-effect,56,73.24800000000002,70.18800000000002,70.01800000000001,3.230000000000004,0.1700000000000017
2025,3,ALB,suzuka,2022-2025 ground-effect,53,54.033,37.663,37.663,16.370000000000005,0.0
2025,3,ALO,suzuka,2022-2025 ground-effect,53,54.033,37.663,37.663,16.370000000000005,0.0
2025,3,ANT,suzuka,2022-2025 ground-effect,53,54.813,37.663,37.663,17.150000000000006,0.0
2025,3,BEA,suzuka,2022-2025 ground-effect,53,54.433,37.663,37.663,16.770000000000003,0.0
2025,3,DOO,suzuka,2022-2025 ground-effect,53,58.533,37.663,37.663,20.870000000000005,0.0
2025,3,GAS,suzuka,2022-2025 ground-effect,53,54.033,37.663,37.663,16.370000000000005,0.0
2025,3,HAD,suzuka,2022-2025 ground-effect,53,53.773,37.663,37.663,16.110000000000007,0.0
2025,3,HUL,suzuka,2022-2025 ground-effect,53,54.943,37.663,37.663,17.28,0.0
2025,3,LEC,suzuka,2022-2025 ground-effect,53,55.563,37.663,37.663,17.900000000000006,0.0
2025,3,NOR,suzuka,2022-2025 ground-effect,53,55.563,37.663,37.663,17.900000000000006,0.0
2025,3,PIA,suzuka,2022-2025 ground-effect,53,56.313,37.663,37.663,18.650000000000006,0.0
2025,3,RUS,suzuka,2022-2025 ground-effect,53,57.173,37.663,37.663,19.510000000000005,0.0
2025,3,TSU,suzuka,2022-2025 ground-effect,53,54.433,37.663,37.663,16.770000000000003,0.0
2025,3,VER,suzuka,2022-2025 ground-effect,53,55.563,37.663,37.663,17.900000000000006,0.0
2025,4,BOR,bahrain,2022-2025 ground-effect,57,93.5103,106.642,89.68029999999999,3.8300000000000125,16.961700000000008
2025,4,DOO,bahrain,2022-2025 ground-effect,57,118.21199999999999,106.642,89.68029999999999,28.5317,16.961700000000008
2025,4,GAS,bahrain,2022-2025 ground-effect,57,117.31199999999998,106.642,89.68029999999999,27.631699999999995,16.961700000000008
2025,4,HAD,bahrain,2022-2025 ground-effect,57,122.60199999999999,106.642,89.68029999999999,32.9217,16.961700000000008
2025,4,OCO,bahrain,2022-2025 ground-effect,57,120.43199999999999,106.642,89.68029999999999,30.7517,16.961700000000008
2025,4,STR,bahrain,2022-2025 ground-effect,57,94.91029999999999,106.642,89.68029999999999,5.230000000000004,16.961700000000008
2025,5,ALB,jeddah,2022-2025 ground-effect,50,24.459999999999994,24.609999999999992,13.235999999999997,11.223999999999997,11.373999999999995
2025,5,ALO,jeddah,2022-2025 ground-effect,50,24.819999999999993,24.609999999999992,13.235999999999997,11.583999999999996,11.373999999999995
2025,5,ANT,jeddah,2022-2025 ground-effect,50,24.819999999999993,24.609999999999992,13.235999999999997,11.583999999999996,11.373999999999995
2025,5,BEA,jeddah,2022-2025 ground-effect,50,24.999999999999993,24.609999999999992,13.235999999999997,11.763999999999996,11.373999999999995
2025,5,HAM,jeddah,2022-2025 ground-effect,50,24.409999999999993,24.609999999999992,13.235999999999997,11.173999999999996,11.373999999999995
2025,5,LAW,jeddah,2022-2025 ground-effect,50,24.669999999999995,24.609999999999992,13.235999999999997,11.433999999999997,11.373999999999995
2025,5,LEC,jeddah,2022-2025 ground-effect,50,24.959999999999994,24.609999999999992,13.235999999999997,11.723999999999997,11.373999999999995
2025,5,PIA,jeddah,2022-2025 ground-effect,50,24.819999999999993,24.609999999999992,13.235999999999997,11.583999999999996,11.373999999999995
2025,5,RUS,jeddah,2022-2025 ground-effect,50,24.669999999999995,24.609999999999992,13.235999999999997,11.433999999999997,11.373999999999995
2025,5,SAI,jeddah,2022-2025 ground-effect,50,24.549999999999994,24.609999999999992,13.235999999999997,11.313999999999997,11.373999999999995
2025,5,VER,jeddah,2022-2025 ground-effect,50,24.549999999999994,24.609999999999992,13.235999999999997,11.313999999999997,11.373999999999995
2025,6,HAD,miami,2022-2025 ground-effect,57,50.01400000000002,46.14400000000002,30.91640000000001,19.097600000000007,15.22760000000001
2025,6,OCO,miami,2022-2025 ground-effect,57,49.40400000000002,46.14400000000002,30.91640000000001,18.487600000000008,15.22760000000001
2025,7,ALO,imola,2022-2025 ground-effect,63,84.93310000000002,55.36700000000002,22.022200000000012,62.91090000000001,33.344800000000006
2025,7,STR,imola,2022-2025 ground-effect,63,79.64310000000003,55.36700000000002,22.022200000000012,57.62090000000002,33.344800000000006
2025,8,LEC,monaco,2022-2025 ground-effect,78,46.163999999999994,22.481999999999996,15.924599999999998,30.239399999999996,6.557399999999998
2025,11,HAM,red_bull_ring,2022-2025 ground-effect,70,118.797,102.17699999999999,102.17699999999999,16.620000000000005,0.0
2025,11,LAW,red_bull_ring,2022-2025 ground-effect,70,139.43349999999998,102.17699999999999,102.17699999999999,37.25649999999999,0.0
2025,11,LEC,red_bull_ring,2022-2025 ground-effect,70,118.16699999999999,102.17699999999999,102.17699999999999,15.989999999999995,0.0
2025,11,NOR,red_bull_ring,2022-2025 ground-effect,70,123.22699999999999,102.17699999999999,102.17699999999999,21.049999999999997,0.0
2025,11,PIA,red_bull_ring,2022-2025 ground-effect,70,121.33699999999999,102.17699999999999,102.17699999999999,19.159999999999997,0.0
2025,14,ALO,hungaroring,2022-2025 ground-effect,70,115.9545,98.63899999999998,98.58899999999998,17.36550000000001,0.04999999999999716
2025,14,BOR,hungaroring,2022-2025 ground-effect,70,116.8545,98.63899999999998,98.58899999999998,18.265500000000017,0.04999999999999716
2025,14,LAW,hungaroring,2022-2025 ground-effect,70,116.8545,98.63899999999998,98.58899999999998,18.265500000000017,0.04999999999999716
2025,14,NOR,hungaroring,2022-2025 ground-effect,70,116.3945,98.63899999999998,98.58899999999998,17.80550000000001,0.04999999999999716
2025,14,STR,hungaroring,2022-2025 ground-effect,70,114.55449999999999,98.63899999999998,98.58899999999998,15.965500000000006,0.04999999999999716
2025,15,GAS,zandvoort,2022-2025 ground-effect,72,97.1339,57.823,37.6278,59.506099999999996,20.1952
2025,16,ANT,monza,2022-2025 ground-effect,53,53.83799999999999,53.33799999999999,53.33799999999999,0.5,0.0
2025,16,BEA,monza,2022-2025 ground-effect,53,61.987999999999985,53.33799999999999,53.33799999999999,8.649999999999999,0.0
2025,16,BOR,monza,2022-2025 ground-effect,53,59.43799999999999,53.33799999999999,53.33799999999999,6.100000000000001,0.0
2025,16,HAM,monza,2022-2025 ground-effect,53,58.40799999999999,53.33799999999999,53.33799999999999,5.07,0.0
2025,16,LAW,monza,2022-2025 ground-effect,53,79.12799999999999,53.33799999999999,53.33799999999999,25.79,0.0
2025,16,LEC,monza,2022-2025 ground-effect,53,54.39799999999998,53.33799999999999,53.33799999999999,1.0599999999999952,0.0
2025,16,RUS,monza,2022-2025 ground-effect,53,54.10799999999999,53.33799999999999,53.33799999999999,0.7700000000000031,0.0
2025,16,SAI,monza,2022-2025 ground-effect,53,53.65799999999999,53.33799999999999,53.33799999999999,0.3200000000000003,0.0
2025,16,TSU,monza,2022-2025 ground-effect,53,60.64799999999999,53.33799999999999,53.33799999999999,7.310000000000002,0.0
2025,16,VER,monza,2022-2025 ground-effect,53,57.32799999999999,53.33799999999999,53.33799999999999,3.990000000000002,0.0
2025,17,ALO,baku,2022-2025 ground-effect,51,30.88599999999998,29.005999999999986,24.188799999999997,6.6971999999999845,4.817199999999989
2025,17,ANT,baku,2022-2025 ground-effect,51,32.365999999999985,29.005999999999986,24.188799999999997,8.177199999999988,4.817199999999989
2025,17,HAD,baku,2022-2025 ground-effect,51,29.005999999999986,29.005999999999986,24.188799999999997,4.817199999999989,4.817199999999989
2025,17,LAW,baku,2022-2025 ground-effect,51,31.335999999999984,29.005999999999986,24.188799999999997,7.147199999999987,4.817199999999989
2025,17,LEC,baku,2022-2025 ground-effect,51,31.825999999999983,29.005999999999986,24.188799999999997,7.637199999999986,4.817199999999989
2025,17,NOR,baku,2022-2025 ground-effect,51,31.035999999999984,29.005999999999986,24.188799999999997,6.847199999999987,4.817199999999989
2025,17,SAI,baku,2022-2025 ground-effect,51,29.155999999999985,29.005999999999986,24.188799999999997,4.967199999999988,4.817199999999989
2025,17,STR,baku,2022-2025 ground-effect,51,31.035999999999984,29.005999999999986,24.188799999999997,6.847199999999987,4.817199999999989
2025,18,ALO,marina_bay,2022-2025 ground-effect,62,53.59000000000002,52.87000000000002,52.76000000000002,0.8299999999999983,0.10999999999999943
2025,18,ANT,marina_bay,2022-2025 ground-effect,62,85.57000000000002,52.87000000000002,52.76000000000002,32.81,0.10999999999999943
2025,18,BEA,marina_bay,2022-2025 ground-effect,62,89.66000000000003,52.87000000000002,52.76000000000002,36.900000000000006,0.10999999999999943
2025,18,LEC,marina_bay,2022-2025 ground-effect,62,94.27000000000001,52.87000000000002,52.76000000000002,41.50999999999999,0.10999999999999943
2025,18,NOR,marina_bay,2022-2025 ground-effect,62,83.71000000000002,52.87000000000002,52.76000000000002,30.950000000000003,0.10999999999999943
2025,18,PIA,marina_bay,2022-2025 ground-effect,62,81.99000000000001,52.87000000000002,52.76000000000002,29.22999999999999,0.10999999999999943
2025,18,RUS,marina_bay,2022-2025 ground-effect,62,85.57000000000002,52.87000000000002,52.76000000000002,32.81,0.10999999999999943
2025,18,VER,marina_bay,2022-2025 ground-effect,62,97.49000000000001,52.87000000000002,52.76000000000002,44.72999999999999,0.10999999999999943
2025,19,LEC,americas,2022-2025 ground-effect,56,58.26049999999998,52.98049999999998,52.38464999999998,5.87585,0.5958499999999987
2025,19,STR,americas,2022-2025 ground-effect,56,55.30049999999998,52.98049999999998,52.38464999999998,2.915849999999999,0.5958499999999987
2025,20,LEC,rodriguez,2022-2025 ground-effect,71,75.40499999999997,63.48499999999997,63.48499999999997,11.920000000000002,0.0
2025,20,NOR,rodriguez,2022-2025 ground-effect,71,79.40499999999997,63.48499999999997,63.48499999999997,15.920000000000002,0.0
2025,20,OCO,rodriguez,2022-2025 ground-effect,71,73.36499999999998,63.48499999999997,63.48499999999997,9.88000000000001,0.0
2025,21,LAW,interlagos,2022-2025 ground-effect,71,150.661,67.211,67.211,83.45,0.0
2025,22,ALO,vegas,2022-2025 ground-effect,50,20.142200000000003,36.20400000000001,20.142200000000003,0.0,16.061800000000005
2025,22,BEA,vegas,2022-2025 ground-effect,50,36.714000000000006,36.20400000000001,20.142200000000003,16.571800000000003,16.061800000000005
2025,22,HAD,vegas,2022-2025 ground-effect,50,36.05400000000001,36.20400000000001,20.142200000000003,15.911800000000007,16.061800000000005
2025,22,LEC,vegas,2022-2025 ground-effect,50,36.13400000000001,36.20400000000001,20.142200000000003,15.991800000000005,16.061800000000005
2025,22,OCO,vegas,2022-2025 ground-effect,50,36.98400000000001,36.20400000000001,20.142200000000003,16.841800000000006,16.061800000000005
2025,22,RUS,vegas,2022-2025 ground-effect,50,36.714000000000006,36.20400000000001,20.142200000000003,16.571800000000003,16.061800000000005
2025,22,SAI,vegas,2022-2025 ground-effect,50,35.944,36.20400000000001,20.142200000000003,15.8018,16.061800000000005
2025,22,VER,vegas,2022-2025 ground-effect,50,36.34400000000001,36.20400000000001,20.142200000000003,16.201800000000006,16.061800000000005
2025,24,ALO,yas_marina,2022-2025 ground-effect,58,92.49099999999999,89.28099999999999,89.28099999999999,3.2099999999999937,0.0
2025,24,BEA,yas_marina,2022-2025 ground-effect,58,95.14099999999999,89.28099999999999,89.28099999999999,5.859999999999999,0.0
2025,24,BOR,yas_marina,2022-2025 ground-effect,58,93.72099999999999,89.28099999999999,89.28099999999999,4.439999999999998,0.0
2025,24,LEC,yas_marina,2022-2025 ground-effect,58,92.37199999999997,89.28099999999999,89.28099999999999,3.0909999999999798,0.0
2025,24,OCO,yas_marina,2022-2025 ground-effect,58,89.98099999999998,89.28099999999999,89.28099999999999,0.6999999999999886,0.0
2025,24,RUS,yas_marina,2022-2025 ground-effect,58,95.14099999999999,89.28099999999999,89.28099999999999,5.859999999999999,0.0
2025,24,SAI,yas_marina,2022-2025 ground-effect,58,90.62099999999998,89.28099999999999,89.28099999999999,1.3399999999999892,0.0
2025,24,VER,yas_marina,2022-2025 ground-effect,58,89.46099999999998,89.28099999999999,89.28099999999999,0.1799999999999926,0.0
2026,1,ANT,albert_park,2026 active-aero,58,76.5621,27.932099999999995,19.25419999999999,57.30790000000001,8.677900000000005
2026,1,HAM,albert_park,2026 active-aero,58,51.94699999999999,27.932099999999995,19.25419999999999,32.6928,8.677900000000005
2026,1,LEC,albert_park,2026 active-aero,58,56.68699999999999,27.932099999999995,19.25419999999999,37.4328,8.677900000000005
2026,1,NOR,albert_park,2026 active-aero,58,29.734199999999994,27.932099999999995,19.25419999999999,10.480000000000004,8.677900000000005
2026,1,RUS,albert_park,2026 active-aero,58,76.5621,27.932099999999995,19.25419999999999,57.30790000000001,8.677900000000005
2026,2,ANT,shanghai,2026 active-aero,56,35.7334,48.018000000000015,30.853400000000008,4.8799999999999955,17.164600000000007
2026,2,BEA,shanghai,2026 active-aero,56,35.7334,48.018000000000015,30.853400000000008,4.8799999999999955,17.164600000000007
2026,2,GAS,shanghai,2026 active-aero,56,35.7334,48.018000000000015,30.853400000000008,4.8799999999999955,17.164600000000007
2026,2,HAM,shanghai,2026 active-aero,56,35.7334,48.018000000000015,30.853400000000008,4.8799999999999955,17.164600000000007
2026,2,LAW,shanghai,2026 active-aero,56,53.878000000000014,48.018000000000015,30.853400000000008,23.024600000000007,17.164600000000007
2026,2,LEC,shanghai,2026 active-aero,56,35.7334,48.018000000000015,30.853400000000008,4.8799999999999955,17.164600000000007
2026,2,RUS,shanghai,2026 active-aero,56,35.7334,48.018000000000015,30.853400000000008,4.8799999999999955,17.164600000000007
2026,3,ANT,suzuka,2026 active-aero,53,33.8779,34.1879,33.8779,0.0,0.3100000000000023
2026,3,BOR,suzuka,2026 active-aero,53,33.8779,34.1879,33.8779,0.0,0.3100000000000023
2026,3,COL,suzuka,2026 active-aero,53,52.563,34.1879,33.8779,18.685100000000006,0.3100000000000023
2026,3,GAS,suzuka,2026 active-aero,53,33.8779,34.1879,33.8779,0.0,0.3100000000000023
2026,3,HAD,suzuka,2026 active-aero,53,51.533,34.1879,33.8779,17.655100000000004,0.3100000000000023
2026,3,HAM,suzuka,2026 active-aero,53,33.8779,34.1879,33.8779,0.0,0.3100000000000023
2026,3,HUL,suzuka,2026 active-aero,53,33.9679,34.1879,33.8779,0.09000000000000341,0.3100000000000023
2026,3,LAW,suzuka,2026 active-aero,53,33.8779,34.1879,33.8779,0.0,0.3100000000000023
2026,3,LEC,suzuka,2026 active-aero,53,52.563,34.1879,33.8779,18.685100000000006,0.3100000000000023
2026,3,LIN,suzuka,2026 active-aero,53,51.983000000000004,34.1879,33.8779,18.105100000000007,0.3100000000000023
2026,3,NOR,suzuka,2026 active-aero,53,53.293,34.1879,33.8779,19.415100000000002,0.3100000000000023
2026,3,OCO,suzuka,2026 active-aero,53,51.533,34.1879,33.8779,17.655100000000004,0.3100000000000023
2026,3,PER,suzuka,2026 active-aero,53,33.9379,34.1879,33.8779,0.060000000000002274,0.3100000000000023
2026,3,PIA,suzuka,2026 active-aero,53,51.983000000000004,34.1879,33.8779,18.105100000000007,0.3100000000000023
2026,3,RUS,suzuka,2026 active-aero,53,33.9379,34.1879,33.8779,0.060000000000002274,0.3100000000000023
2026,3,SAI,suzuka,2026 active-aero,53,33.8779,34.1879,33.8779,0.0,0.3100000000000023
2026,3,VER,suzuka,2026 active-aero,53,33.8779,34.1879,33.8779,0.0,0.3100000000000023
2026,4,ALB,miami,2026 active-aero,57,70.56400000000002,64.35400000000001,58.05720000000002,12.506799999999998,6.29679999999999
2026,4,ANT,miami,2026 active-aero,57,71.38400000000001,64.35400000000001,58.05720000000002,13.326799999999992,6.29679999999999
2026,4,COL,miami,2026 active-aero,57,69.18400000000001,64.35400000000001,58.05720000000002,11.126799999999989,6.29679999999999
2026,4,HAM,miami,2026 active-aero,57,70.56400000000002,64.35400000000001,58.05720000000002,12.506799999999998,6.29679999999999
2026,4,LEC,miami,2026 active-aero,57,78.27400000000002,64.35400000000001,58.05720000000002,20.216799999999992,6.29679999999999
2026,4,NOR,miami,2026 active-aero,57,70.56400000000002,64.35400000000001,58.05720000000002,12.506799999999998,6.29679999999999
2026,4,PIA,miami,2026 active-aero,57,69.924,64.35400000000001,58.05720000000002,11.866799999999984,6.29679999999999
2026,4,RUS,miami,2026 active-aero,57,80.19400000000002,64.35400000000001,58.05720000000002,22.136799999999994,6.29679999999999
2026,4,SAI,miami,2026 active-aero,57,69.924,64.35400000000001,58.05720000000002,11.866799999999984,6.29679999999999
2026,4,VER,miami,2026 active-aero,57,110.27320000000002,64.35400000000001,58.05720000000002,52.215999999999994,6.29679999999999
2026,5,ANT,villeneuve,2026 active-aero,68,10.662499999999996,21.344999999999988,8.772499999999997,1.8899999999999988,12.572499999999991
2026,5,HAM,villeneuve,2026 active-aero,68,10.662499999999996,21.344999999999988,8.772499999999997,1.8899999999999988,12.572499999999991
2026,5,LEC,villeneuve,2026 active-aero,68,10.662499999999996,21.344999999999988,8.772499999999997,1.8899999999999988,12.572499999999991
2026,5,VER,villeneuve,2026 active-aero,68,10.662499999999996,21.344999999999988,8.772499999999997,1.8899999999999988,12.572499999999991
2026,9,RUS,silverstone,2026 active-aero,52,66.32799999999999,59.523999999999994,33.374399999999994,32.953599999999994,26.1496
2026,10,ALB,spa,2026 active-aero,44,31.9662,27.486200000000004,27.436200000000003,4.529999999999998,0.05000000000000071
2026,10,BOR,spa,2026 active-aero,44,32.1362,27.486200000000004,27.436200000000003,4.699999999999999,0.05000000000000071
2026,10,COL,spa,2026 active-aero,44,48.05400000000001,27.486200000000004,27.436200000000003,20.617800000000006,0.05000000000000071
2026,10,GAS,spa,2026 active-aero,44,48.67400000000001,27.486200000000004,27.436200000000003,21.237800000000004,0.05000000000000071
2026,10,HAM,spa,2026 active-aero,44,32.1362,27.486200000000004,27.436200000000003,4.699999999999999,0.05000000000000071
2026,10,HUL,spa,2026 active-aero,44,32.1362,27.486200000000004,27.436200000000003,4.699999999999999,0.05000000000000071
2026,10,LAW,spa,2026 active-aero,44,48.05400000000001,27.486200000000004,27.436200000000003,20.617800000000006,0.05000000000000071
2026,10,LEC,spa,2026 active-aero,44,32.1362,27.486200000000004,27.436200000000003,4.699999999999999,0.05000000000000071
2026,10,LIN,spa,2026 active-aero,44,47.58400000000001,27.486200000000004,27.436200000000003,20.147800000000007,0.05000000000000071
2026,10,PIA,spa,2026 active-aero,44,32.1362,27.486200000000004,27.436200000000003,4.699999999999999,0.05000000000000071
2026,10,SAI,spa,2026 active-aero,44,45.884000000000015,27.486200000000004,27.436200000000003,18.44780000000001,0.05000000000000071
2026,10,VER,spa,2026 active-aero,44,32.116200000000006,27.486200000000004,27.436200000000003,4.680000000000003,0.05000000000000071
